{"cameraMode":{"drawMode":0,"name":"Shaded","section":"Shading Mode"},"sceneLighting":true,"audioPlay":false,"sceneViewState":{"m_AlwaysRefresh":false,"showFog":true,"showSkybox":true,"showFlares":true,"showImageEffects":true,"showParticleSystems":true,"showVisualEffectGraphs":true,"m_FxEnabled":true},"in2DMode":false,"pivot":{"x":-219.89862060546876,"y":70.11756134033203,"z":-2.5557076930999758},"rotation":{"x":0.16439123451709748,"y":-0.13859449326992036,"z":0.02336696721613407,"w":0.9763665795326233},"size":1.6463874578475953,"orthographic":false}