{"cameraMode":{"drawMode":0,"name":"Shaded","section":"Shading Mode"},"sceneLighting":true,"audioPlay":false,"sceneViewState":{"m_AlwaysRefresh":false,"showFog":true,"showSkybox":true,"showFlares":true,"showImageEffects":true,"showParticleSystems":true,"showVisualEffectGraphs":true,"m_FxEnabled":true},"in2DMode":false,"pivot":{"x":513.3956909179688,"y":460.91094970703127,"z":-57.10223388671875},"rotation":{"x":-0.17936082184314729,"y":-0.0038527233991771938,"z":0.0010080855572596193,"w":-0.9839538931846619},"size":222.3568115234375,"orthographic":false}